alpha,gamma,epsilon,epsilon_decay,episodes,mean_last_50
0.4,0.995,0.7,0.9,1000,60.215100453533715
0.4,0.995,0.7,0.95,1000,71.34117160553446
0.4,0.995,0.7,0.99,1000,63.350575055963255
0.4,0.995,0.7,0.995,1000,23.634220605257774
