alpha,gamma,epsilon,epsilon_decay,episodes,mean_last_50
0.001,0.99,1.0,0.995,1000,-137.09973371302306
0.005,0.99,1.0,0.995,1000,-154.61400078632724
0.01,0.99,1.0,0.995,1000,-167.0846502768072
0.05,0.99,1.0,0.995,1000,-136.55135368684
0.1,0.99,1.0,0.995,1000,-141.11918081403266
0.2,0.99,1.0,0.995,1000,-77.26780306530166
0.3,0.99,1.0,0.995,1000,-35.28461155040391
0.4,0.99,1.0,0.995,1000,39.37062250159599
