alpha,gamma,epsilon,epsilon_decay,episodes,mean_last_50
0.4,0.995,0.5,0.995,1000,-43.34689891702462
0.4,0.995,0.7,0.995,1000,41.84836323603278
0.4,0.995,0.9,0.995,1000,-26.51658659993546
0.4,0.995,1.0,0.995,1000,-22.161106138815448
