alpha,gamma,epsilon,epsilon_decay,episodes,mean_last_50
0.4,0.9,1.0,0.995,1000,-129.6322185163241
0.4,0.95,1.0,0.995,1000,-91.4490305763749
0.4,0.99,1.0,0.995,1000,-62.08561819831575
0.4,0.995,1.0,0.995,1000,6.695397740391599
